ts	phase	decision	why	evidence	result
2026-08-14T02:00:39Z	frame	adopt v1.0 repository-idea cut as overnight predicate	user said go ahead on that recommendation; Aug 16 is dead; production DNS and live Stripe stay gated	docs/wp/v1-scope-cut.md on origin/codex/wp28-tenant-hosts	open
2026-08-14T02:00:39Z	frame	8 units across land/product/verify; 5h budget; land at 70 percent	rebase plus remaining WPs cannot fit one agent; orchestrate not autonomous-run	origin/codex/wp28-tenant-hosts d3ae862 vs main de8b495	open
2026-08-14T02:02:17Z	pilot	spawned U-backup-wp26 local and U-land-stacker cloud	separate writers; backup must not share the stacker branch; cloud starts from origin/wp28	agents 7c22dc9c and bc-d5e37f00	in-flight
2026-08-14T02:04:25Z	land	U-backup-wp26 done; origin/codex/wp26-v1.1-engine at c99351b	S2-S4 surviving a worktree delete; named main dirty files were already committed	origin/codex/wp26-v1.1-engine c99351bb74f720d16863c07b0c142746b61ee5ad	PASS
2026-08-14T02:09:07Z	land	U-land-stacker opened PR 56 at 1386262; queued verifier not merge	pilot must falsify the brief before WP29 fan-out; worker self-report is not a ledger verdict	https://github.com/jeberulz/weekendmvp/pull/56	needs-verify
2026-08-14T02:10:00Z	land	cloud verifier spawn failed on environment.json ports; respawned local verifier	cloud ports field is numbers not objects; local exception is this machine can run the checks	PR 56 quality SUCCESS; Vercel pending	in-flight
2026-08-14T02:32:10Z	land	ledger unit-test-verified for PR56 1386262; squash-merge to 80d6f27 lost wp28 ancestry	user merged mid-verify; tree matches; DAG does not; park -s ours as follow-up not a tonight blocker	https://github.com/jeberulz/weekendmvp/pull/56	unit-test-verified
2026-08-14T02:35:00Z	scale	retarget E2E to production www @ 80d6f27; spawn U-e2e-verify + U-wp29-min local	user squash-merged 56; Vercel prod success; /build 200; cloud ports broken	Vercel 73kwZMu3hUWSqhTAMnD7QiE1X2La; curl /build/[slug] 200	in-flight
2026-08-14T02:48:00Z	verify	U-e2e-verify verifier-blocked on 80d6f27; park preview-bridge-prod and convex-auth-prod	idea+build pass; POST /api/platform/preview/generate 503 PREVIEW_NOT_CONFIGURED; POST /api/auth 400; Convex live and seeded; no code defect	reports/U-e2e-verify.md	verifier-blocked
2026-08-14T06:01:00Z	land	U-wp29-min PR 58 merged to b9db0d0; queued independent verifier; did not merge	worker 58cb5d29 self-report compile-green; user merged 05:39Z; E2E still 503 on missing PLATFORM_PREVIEW_BRIDGE_SECRET (absent from vercel env ls Production)	https://github.com/jeberulz/weekendmvp/pull/58	needs-verify
2026-08-14T06:27:00Z	verify	ledger unit-test-verified for PR58 b9db0d0; cockpit UI test is source-substring not render	independent worktree re-run: typecheck/test/build exit 0; ProjectWorkspace publish + /ideas/ present; live-ui still blocked on preview-bridge-prod	reports/U-wp29-verify.md	unit-test-verified
